image,link
001.png,https://mp.weixin.qq.com/s/_ej77OHR6yogMhSaknERag
002.png,https://mp.weixin.qq.com/s/7gICe_eaCgrUnzu88YvY9Q
003.png,https://mp.weixin.qq.com/s/pONLp-kN6ZfhCM1GqqsfFQ
004.png,https://mp.weixin.qq.com/s/xzlmcNN5PqA7CJTCWGexMQ
005.png,https://mp.weixin.qq.com/s/rnorp9RKWWFqHHS2t2uugg
006.png,https://mp.weixin.qq.com/s/hJesaKfBDWUIfSRzY4NNyw
007.png,https://mp.weixin.qq.com/s/2wMSgfGnlI4KqMoVXHfvjQ
008.png,https://mp.weixin.qq.com/s/IcabWB7-WiRgJu2sSCfkYw
009.png,https://mp.weixin.qq.com/s/ovCG_m1DHALHyIN7nrEuFA
010.png,https://mp.weixin.qq.com/s/Tj-ks3bFcSEzdIlO1W5nZw
011.png,https://mp.weixin.qq.com/s/ENbMD-z8LQKzh8yzcSc_Ng
012.png,https://mp.weixin.qq.com/s/jU-VJUgbr9NaYv9yGEgd6Q
013.png,https://mp.weixin.qq.com/s/n45aUIH77dgvsqV25yQCMA
014.png,https://mp.weixin.qq.com/s/du4Q4HYnqfvMlNhjc7u1CA
015.png,https://mp.weixin.qq.com/s/MQrVl-t4DbKjs7aUitUCCg
016.png,https://mp.weixin.qq.com/s/F2RNLXP6NiWQrjyYc0qK1Q
017.png,https://mp.weixin.qq.com/s/5czuR6m1Tvv0LG7W6sGGGg
018.png,https://mp.weixin.qq.com/s/ZEeUHitxGBE_CVzrVFl--A
019.png,https://mp.weixin.qq.com/s/kgyT8vYNoNyzFO2f1hdJtg
020.png,https://mp.weixin.qq.com/s/XplIJD0bsWMoDSWPCpds7Q
021.png,https://mp.weixin.qq.com/s/-TzBJeCxSax0pbm9yV7P4g
022.png,https://mp.weixin.qq.com/s/ip8hIZyC17IgffmJjfxWqw
023.png,https://mp.weixin.qq.com/s/YhVlFAKgB1goPg2q9NnFhg
024.png,https://mp.weixin.qq.com/s/sAHzuVY9G4A8RafwewBEhQ
025.png,https://mp.weixin.qq.com/s/l0u4rcctoUtnPLKGLEDl3w
026.png,https://mp.weixin.qq.com/s/_4K8xZ9EUhm3nZGRAr0imQ
027.png,https://mp.weixin.qq.com/s/aaMaKVGXVmcfD5aGxhkmXQ
028.png,https://mp.weixin.qq.com/s/Ih_cqLXyYHD2NUc6gmK81g
029.png,https://mp.weixin.qq.com/s/JNbN-O37utv91306iU0NsQ
030.png,https://mp.weixin.qq.com/s/JTfiIhBdnEh9wdwMr9KV2A
031.png,https://mp.weixin.qq.com/s/7xGeC4oiwFUa6yyivt_eZQ
032.png,https://mp.weixin.qq.com/s/2ipEBWnJ1-aa0Gv3rzfw0Q
033.png,https://mp.weixin.qq.com/s/CZ9N4sHq-efgKt-ZUKJq2g
034.png,https://mp.weixin.qq.com/s/Ox6Omc1_gawApQsL8e_0Pg
035.png,https://mp.weixin.qq.com/s/OTRBXEMCyIe9cfJi-aecnA
036.png,https://mp.weixin.qq.com/s/bPtT1bvwf_RcxPNrpiHT3w
037.png,https://mp.weixin.qq.com/s/UI_UBiFbKcowwgb6RgH_gQ
038.png,https://mp.weixin.qq.com/s/D5hyPmqaC5Hqki9bTRHpxg
039.png,https://mp.weixin.qq.com/s/fiKoJrWLvun68O1SfFFf7Q
040.png,https://mp.weixin.qq.com/s/DUCculB2UGvW0euVFv7pPQ
041.png,https://mp.weixin.qq.com/s/51IMtHhj80UT_hCPOgiOWw
042.png,https://mp.weixin.qq.com/s/5RzHxj_NVH12IA6EaGNwww
043.png,https://mp.weixin.qq.com/s/KyPjTPIQZXdAz2fJTeHg7A
044.png,https://mp.weixin.qq.com/s/j211BhDgc4LOLBLayiVbVQ
045.png,https://mp.weixin.qq.com/s/8NBRVgDp2JVkAhpPL94HJA
046.png,https://mp.weixin.qq.com/s/cVtShs2Poi2KWv5LWi3_vQ
047.png,https://mp.weixin.qq.com/s/foNW9RM5lR4HG5h74Y_Y6w
048.png,https://mp.weixin.qq.com/s/5nQoTWMWRgKxufu8ELhOew
049.png,https://mp.weixin.qq.com/s/4Ovv0C8MwCqPCX7ZPg9zCw
050.png,https://mp.weixin.qq.com/s/H-oY2tBPHKiOqsD_PkKRcA
051.png,https://mp.weixin.qq.com/s/V6izumVZTw9sW9U6H1NaXg
052.png,https://mp.weixin.qq.com/s/HlXUFx40x0YuO_MH3zKUKw
053.png,https://mp.weixin.qq.com/s/A1LLwuEnlQpx_Po1C7jXOg
054.png,https://mp.weixin.qq.com/s/ZewtG2jnkEkbjTWh_E5xEw
