title,image,link
色块折线柱状组合图,001.png,https://mp.weixin.qq.com/s/LXj8QWjcJXtJZfV1Gsa6nw
网络图,002.png,https://mp.weixin.qq.com/s/nD9F9AYXuLaq8FwedK4V0Q
单细胞聚类图,003.png,https://mp.weixin.qq.com/s/eFd_RJPSipl21VXySQWFFg
单细胞气泡图,004.png,https://mp.weixin.qq.com/s/V47vykNglFBsxqXOuRBVzg
星座图,005.png,https://mp.weixin.qq.com/s/NVYnLX-NVeIxqnfA3dBOrQ
Upset图,006.png,https://mp.weixin.qq.com/s/OtiLH-0ZrAKeXVfiuPnN-Q
投射图,007.png,https://mp.weixin.qq.com/s/fpaxqIiQ13qyrpz1RpG22g
折线置信区间图,008.png,https://mp.weixin.qq.com/s/RdxXoO5eWKHlPwWJZyFHpQ
散点矩阵图,009.png,https://mp.weixin.qq.com/s/4nLayv2BeloeCJJ_Qtl7qg
单细胞Tracksplot图,010.png,https://mp.weixin.qq.com/s/37Deb6DKoIGdi1ESOvvpWg
多级桑基图,011.png,https://mp.weixin.qq.com/s/VDMWxwHPcFUrgR2SA4Jo1w
GO气泡图,012.png,https://mp.weixin.qq.com/s/5leruEMNUljGTkSq29OYnA
转录因子热图,013.png,https://mp.weixin.qq.com/s/CPOVVdnMlji0s_3mRsTRGQ
单细胞marker基因图,014.png,https://mp.weixin.qq.com/s/pxCyrFddJFp_mibQ6QqlaQ
基因响应点图,015.png,https://mp.weixin.qq.com/s/R4JAN3seWuQyw2MlXj74Pg
三角热图,016.png,https://mp.weixin.qq.com/s/BN8F1zm7k1dUOeWu1bQ2-g
圆圈热图,017.png,https://mp.weixin.qq.com/s/dJOYsAO3hGtVyUDe9dTgIg
基因家族散点图,018.png,https://mp.weixin.qq.com/s/7Eyn2CCwaP4yIBwdmV7HAg
表格方块图,019.png,https://mp.weixin.qq.com/s/WcPnw-94Q9LyuZs3Ae9KCQ
热图方块图,020.png,https://mp.weixin.qq.com/s/r_nIdzDf1HBuyFjkd_6TMA
布线图,021.png,https://mp.weixin.qq.com/s/1v55aHSP8H5wzsrjFCVX3Q
高亮热图,022.png,https://mp.weixin.qq.com/s/1cytOOUZMaAF5rnIMgtkug
显著性条形图,023.png,
单细胞响应气泡图,024.png,
柱状热图组合图,025.png,
神经布线气泡图,026.png,
神经布线网络图,027.png,
柱状散点热图组合图,028.png,
柱状方块组合图,029.png,
分组百分比柱状图,030.png,
基因通路图,031.png,
彩色热图,032.png,
气泡图,033.png,
彩色方块图,034.png,
Mantel检验图,035.png,
彩色柱状图,036.png,
棒棒糖图,037.png,
背景颜色折线图,038.png,
间隔热图,039.png,
方块柱状图,040.png,
分组柱状图,041.png,
柱状热图组合图,042.png,
单细胞类群状态转换图,043.png,
GO柱状图,044.png,
GO表格图,045.png,
背景颜色散点图,046.png,
蛋白互作图,047.png,
分面百分比柱状图,048.png,
基因功能热图,049.png,
滑珠散点图,050.png,
